CREATE TABLE dept (
	deptno NUMBER(2) CONSTRAINT dept_deptno_pk PRIMARY KEY,
	dname varchar2(14),
	loc varchar2(13)
);

CREATE TABLE emp (
	empno number(4) CONSTRAINT emp_empno_pk PRIMARY KEY,
	ENAME VARCHAR2(10),
    JOB VARCHAR2(9),
    MGR NUMBER(4),
    HIREDATE DATE,
    SAL NUMBER(7,2),
    COMM NUMBER(7,2),
    DEPTNO NUMBER(2) 
    CONSTRAINT emp_deptno_fk REFERENCES dept (deptno)
);
CREATE TABLE bonus (
	ename varchar2(20),
	job varchar2(9),
	sal NUMBER,
	comm NUMBER
);
CREATE TABLE salgrade (
	grade NUMBER,
	losal NUMBER,
	hisal NUMBER 
);


--dept
INSERT INTO DEPT (deptno,dname,loc) VALUES (10,'ACCOUNTING','NEW YORK');
INSERT INTO DEPT VALUES (20,'RESEARCH','DALLAS');
INSERT INTO DEPT VALUES (30,'SALES','CHICAGO');
INSERT INTO DEPT VALUES (40,'OPERATIONS','BOSTON');

INSERT INTO EMP VALUES (7369,'SMITH','CLERK',7902,to_date('17-12-1980','dd-mm-yyyy'),800,NULL,20);
INSERT INTO EMP VALUES (7499,'ALLEN','SALESMAN',7698,to_date('20-2-1981','dd-mm-yyyy'),1600,300,30);
INSERT INTO EMP VALUES (7521,'WARD','SALESMAN',7698,to_date('22-2-1981','dd-mm-yyyy'),1250,500,30);
INSERT INTO EMP VALUES (7566,'JONES','MANAGER',7839,to_date('2-4-1981','dd-mm-yyyy'),2975,NULL,20);
INSERT INTO EMP VALUES (7654,'MARTIN','SALESMAN',7698,to_date('28-9-1981','dd-mm-yyyy'),1250,1400,30);
INSERT INTO EMP VALUES (7698,'BLAKE','MANAGER',7839,to_date('1-5-1981','dd-mm-yyyy'),2850,NULL,30);
INSERT INTO EMP VALUES (7782,'CLARK','MANAGER',7839,to_date('9-6-1981','dd-mm-yyyy'),2450,NULL,10);
INSERT INTO EMP VALUES (7788,'SCOTT','ANALYST',7566,to_date('13-JUL-87')-85,3000,NULL,20);
INSERT INTO EMP VALUES (7839,'KING','PRESIDENT',NULL,to_date('17-11-1981','dd-mm-yyyy'),5000,NULL,10);
INSERT INTO EMP VALUES (7844,'TURNER','SALESMAN',7698,to_date('8-9-1981','dd-mm-yyyy'),1500,0,30);
INSERT INTO EMP VALUES (7876,'ADAMS','CLERK',7788,to_date('13-JUL-87')-51,1100,NULL,20);
INSERT INTO EMP VALUES (7900,'JAMES','CLERK',7698,to_date('3-12-1981','dd-mm-yyyy'),950,NULL,30);
INSERT INTO EMP VALUES (7902,'FORD','ANALYST',7566,to_date('3-12-1981','dd-mm-yyyy'),3000,NULL,20);
INSERT INTO EMP VALUES (7934,'MILLER','CLERK',7782,to_date('23-1-1982','dd-mm-yyyy'),1300,NULL,10);


INSERT INTO SALGRADE VALUES (1,700,1200);
INSERT INTO SALGRADE VALUES (2,1201,1400);
INSERT INTO SALGRADE VALUES (3,1401,2000);
INSERT INTO SALGRADE VALUES (4,2001,3000);
INSERT INTO SALGRADE VALUES (5,3001,9999);

COMMIT;

SELECT * FROM emp;
SELECT * FROM dept;
SELECT * FROM salgrade;

--1. select 
SELECT * FROM emp;
SELECT empno, ename FROM emp WHERE empno = 7369; --empno가 7369인 사람
SELECT * FROM emp WHERE empno = 7369;
--SELECT * FROM members WHERE login_id = 'jjang051' AND login_pw = '1234';
SELECT * FROM emp WHERE deptno = 30 AND job = 'SALESMAN'; -- &&
SELECT * FROM emp WHERE job = 'CLERK' OR deptno = 30 ORDER BY job, deptno;
SELECT * FROM emp WHERE sal >= 3000;
SELECT * FROM emp WHERE sal <= 3000;
SELECT * FROM emp WHERE sal != 3000;
SELECT * FROM emp WHERE job = 'CLERK' OR job = 'SALESMAN' OR job = 'MANAGER';
SELECT * FROM emp WHERE job IN ('CLERK' ,'SALESMAN','MANAGER');
SELECT * FROM emp WHERE deptno IN (10,20,30) ORDER BY deptno, sal DESC;
SELECT * FROM emp WHERE sal >= 2000 AND sal <= 3000;
SELECT * FROM emp WHERE sal BETWEEN 2000 AND 3000 ORDER BY sal;

SELECT * FROM emp WHERE deptno NOT IN (10,20) ORDER BY deptno, sal DESC;
SELECT * FROM emp WHERE sal NOT BETWEEN 2000 AND 3000 ORDER BY sal;

--
















